Workbook

Sheet Test Cases
A1: Section | B1: ID | C1: Priority | D1: Scenario | E1: Steps | F1: Expected result | G1: Coverage | H1: Run manually? | I1: Result | J1: Date | K1: Tester | L1: Notes / Bug #
A2: A. Authentication & Access (TC-AUTH) | B2: TC-AUTH-01 | C2: P0 | D2: New company signup | E2: Go to `/auth/signup`, enter name, company, email, password; submit | F2: Account + company created; confirmation email sent; lands on dashboard or "confirm email" screen | G2: Manual | H2: Yes
A3: A. Authentication & Access (TC-AUTH) | B3: TC-AUTH-02 | C3: P0 | D3: Email confirmation | E3: Click the link in the confirmation email | F3: Email verified; can log in | G3: Manual | H3: Yes
A4: A. Authentication & Access (TC-AUTH) | B4: TC-AUTH-03 | C4: P0 | D4: Login | E4: Go to `/auth/login`, enter valid credentials | F4: Redirected to dashboard | G4: Automated (CI) | H4: No
A5: A. Authentication & Access (TC-AUTH) | B5: TC-AUTH-04 | C5: P0 | D5: Login with wrong password | E5: Enter valid email, wrong password | F5: Clear error message; not logged in | G5: Automated (CI) | H5: No
A6: A. Authentication & Access (TC-AUTH) | B6: TC-AUTH-05 | C6: P1 | D6: Forgot password | E6: `/auth/forgot-password` → enter email → open reset link → set new password | F6: Can log in with new password | G6: Manual | H6: Yes
A7: A. Authentication & Access (TC-AUTH) | B7: TC-AUTH-06 | C7: P1 | D7: Logout | E7: Click logout | F7: Session ends; protected pages redirect to login | G7: Manual | H7: Yes
A8: A. Authentication & Access (TC-AUTH) | B8: TC-AUTH-07 | C8: P1 | D8: Session persistence | E8: Log in, refresh page, reopen tab | F8: Still logged in | G8: Manual | H8: Yes
A9: A. Authentication & Access (TC-AUTH) | B9: TC-AUTH-08 | C9: P1 | D9: Role gating — worker | E9: Log in as a **worker**; try to open `/dashboard/settings` and billing | F9: Blocked / redirected; cannot see owner-only areas | G9: Manual | H9: Yes
A10: A. Authentication & Access (TC-AUTH) | B10: TC-AUTH-09 | C10: P2 | D10: 2FA (if enabled) | E10: Enable 2FA in settings; log out; log back in | F10: Prompted for SMS/2FA code; valid code grants access | G10: Manual | H10: Yes
A11: A. Authentication & Access (TC-AUTH) | B11: TC-AUTH-10 | C11: P2 | D11: Protected route while logged out | E11: Open `/dashboard` in a fresh/incognito window | F11: Redirected to login | G11: Manual | H11: Yes
A12: B. Customers & Leads (TC-CUST) | B12: TC-CUST-01 | C12: P0 | D12: Create customer | E12: Dashboard → Customers → Add; fill name, phone, email, address; save | F12: Customer appears in list; detail page loads | G12: Automated (CI) | H12: No
A13: B. Customers & Leads (TC-CUST) | B13: TC-CUST-02 | C13: P1 | D13: Edit customer | E13: Open a customer → edit a field → save | F13: Change persists after refresh | G13: Manual | H13: Yes
... A84: L. Cross-Cutting (TC-X) | B84: TC-X-06 | C84: P2 | D84: Browser matrix | E84: Spot-check Chrome, Safari, Firefox, mobile Safari | F84: Consistent behavior | G84: Manual | H84: Yes

Sheet Summary
A1: Beta readiness - QA coverage
A3: Coverage is derived from the Cypress specs. Counts are live formulas - they update as you record results.
A5: Priority | B5: Total | C5: Automated | D5: Manual to run | E5: Pass | F5: Fail | G5: Blocked | H5: Not yet run
A6: P0 | B6: =COUNTIF('Test Cases'!$C$2:$C$84,A6) | C6: =COUNTIFS('Test Cases'!$C$2:$C$84,A6,'Test Cases'!$G$2:$G$84,"Automated*") | D6: =B6-C6 | E6: =COUNTIFS('Test Cases'!$C$2:$C$84,A6,'Test Cases'!$I$2:$I$84,"Pass") | F6: =COUNTIFS('Test Cases'!$C$2:$C$84,A6,'Test Cases'!$I$2:$I$84,"Fail") | G6: =COUNTIFS('Test Cases'!$C$2:$C$84,A6,'Test Cases'!$I$2:$I$84,"Blocked") | H6: =D6-E6-F6-G6
A7: P1 | B7: =COUNTIF('Test Cases'!$C$2:$C$84,A7) | C7: =COUNTIFS('Test Cases'!$C$2:$C$84,A7,'Test Cases'!$G$2:$G$84,"Automated*") | D7: =B7-C7 | E7: =COUNTIFS('Test Cases'!$C$2:$C$84,A7,'Test Cases'!$I$2:$I$84,"Pass") | F7: =COUNTIFS('Test Cases'!$C$2:$C$84,A7,'Test Cases'!$I$2:$I$84,"Fail") | G7: =COUNTIFS('Test Cases'!$C$2:$C$84,A7,'Test Cases'!$I$2:$I$84,"Blocked") | H7: =D7-E7-F7-G7
A8: P2 | B8: =COUNTIF('Test Cases'!$C$2:$C$84,A8) | C8: =COUNTIFS('Test Cases'!$C$2:$C$84,A8,'Test Cases'!$G$2:$G$84,"Automated*") | D8: =B8-C8 | E8: =COUNTIFS('Test Cases'!$C$2:$C$84,A8,'Test Cases'!$I$2:$I$84,"Pass") | F8: =COUNTIFS('Test Cases'!$C$2:$C$84,A8,'Test Cases'!$I$2:$I$84,"Fail") | G8: =COUNTIFS('Test Cases'!$C$2:$C$84,A8,'Test Cases'!$I$2:$I$84,"Blocked") | H8: =D8-E8-F8-G8
A9: TOTAL | B9: =SUM(B6:B8) | C9: =SUM(C6:C8) | D9: =SUM(D6:D8) | E9: =SUM(E6:E8) | F9: =SUM(F6:F8) | G9: =SUM(G6:G8) | H9: =SUM(H6:H8)
A11: Beta gate (P0)
A12: P0 still to run manually | B12: =H6
A13: P0 failures outstanding | B13: =F6
A14: Ready to invite testers? | B14: =IF(AND(B12=0,B13=0),"YES - P0 clear","NOT YET")
A16: All automated specs are confirmed executing (not skipping) - verified green on sandbox 2026-08-21 (run 32455675720).
A17: For the routine pre-release pass use docs/PRE_RELEASE_CHECKLIST.md (~10 min).

Sheet How to use
A1: How to use this tracker
A4: You fill in (yellow cells only):
A5: Result | B5: Pick Pass / Fail / Blocked / Skipped from the dropdown.
A6: Date | B6: When you ran it.
A7: Tester | B7: Who ran it.
A8: Notes / Bug # | B8: What broke, or a link to the bug.
A10: Colour key:
A11: Teal | B11: Automated - runs in CI on every push. Do NOT re-click these by hand.
A12: Yellow | B12: A cell for you to fill in.
A14: On the credential-dependent specs:
A15: TC-X-01 | B15: Multi-tenant isolation. Needs E2E_EMAIL_2 / E2E_PASSWORD_2 - configured, and verified green on sandbox 2026-08-21 (run 32455675720).
A16: TC-WORK-01/02/04 | B16: Worker app. Needs E2E_WORKER_EMAIL / E2E_WORKER_PASSWORD - configured, and verified green on sandbox 2026-08-21 (run 32455675720).
A18: Where to test:
A19: Sandbox | B19: https://sandbox--lively-yeot-c640cd.netlify.app - run the whole matrix here, never production.
A21: Stripe test cards:
A22: Success | B22: 4242 4242 4242 4242
A23: Decline | B23: 4000 0000 0000 0002
A24: 3D Secure | B24: 4000 0025 0000 3155
A26: Example row (format only - not a real result):
A27: TC-AUTH-01 | B27: Pass | 2026-08-21 | MV | Confirmation email arrived in ~30s
